busv,current,power,hall_speed
11.63429016086275,28.53616420594826,350.26303922180307,16.43262423839468
11.700910293136813,30.27670131761871,362.73859928356967,17.13728466724446
11.766902505898377,31.98439983420459,375.028068929183,17.8280714024099
11.83206084850237,33.648670871547715,387.0711794743193,18.500539439089085
11.896182230917193,35.259228474602246,398.80915819665455,19.150395693721222
11.959067119153989,36.80616120357947,410.18508510619284,19.77353452085635
12.02052021765877,38.28000100106153,421.14423839018303,20.366071619361854
12.080351136171636,39.6717888408977,431.63442642101563,20.92437603709994
12.138375038617458,40.97313668348232,441.60630429764245,21.44509999980515
12.194413271662025,42.176285289307536,451.0136729856302,21.925206308875513
12.248293970646266,43.27415747328372,459.81375922734605,22.361993073996256
12.29985264069872,44.26040641599821,467.9674745113518,22.75311556975491
12.348932710922353,45.1294586845855,475.4396515181105,23.096605030474826
12.39538605965587,45.876551654939604,482.19925659682747,23.39088422417069
12.439073508921302,46.49776506831882,488.2195769747867,23.634779674577914
12.479865286288565,46.99004649866725,493.47838155503797,23.827530429381554
12.517641452513256,47.3512305518836,497.95805431976686,23.968793302811694
12.552292293435759,47.58005166447145,501.64569952417366,24.058644551417125
12.583718674767207,47.6761504161614,504.5332180381583,24.09757797280709
12.611832358530515,47.64007331885449,506.6173543695152,24.086499448190295
12.636556280071826,47.4732660922405,507.8997140815937,24.026717980367177
12.657824784708868,47.17806048433917,508.3867514993907,23.919933309176205
12.675583823237272,46.757654742638586,508.0897277796991,23.768220215990432
12.689791105673066,46.21608788811191,507.0246396021317,23.57400965744775
12.700416212769037,45.558207989833974,505.21211891746196,23.340066895926938
12.707440665003375,44.789634681856235,502.67730436668427,23.069466820113075
12.710857948900795,43.91671620610513,499.4496851573965,22.765566673104363
12.710673500708113,42.946481305034496,495.5629183525079,22.431976427688586
12.70690464760776,41.88658632528872,491.05462068882906,22.072527068468425
12.699580506812934,40.74525792844509,485.9661361988289,21.691237058267262
12.688741843046795,39.53123183674174,480.34228105677715,21.292277281548266
12.674440885064257,38.25368807032768,474.23106720974465,20.879934770297755
12.656741102028235,36.92218315778384,467.68340648364057,20.45857552785193
12.635716940701926,35.546579823271934,460.75279697383763,20.03260677339918
12.611453524564169,34.13697467151518,453.4949936382517,19.606438934309377
12.584046316095758,32.70362440577064,445.96766510731976,19.184447714992427
12.55360074362012,31.25687112391707,438.23003880959527,18.77093656966214
12.52023179421145,29.807067243684088,430.3425365831074,18.370099902194777
12.48406357430679,28.364500609847997,422.3664030008064,17.985987309266417
12.4452288397752,26.939320333907173,414.363328682951,17.622469173196535
12.403868497306519,25.54146391034744,406.39507089994856,17.28320389850767
12.360131079083983,24.180586143166245,398.52307378571385,16.971607071247462
12.314172192798695,22.865990401927295,390.80809048399385,16.690822802746567
12.266153949149272,21.60656270837455,383.3098095382809,16.44369749986138
12.216244369046654,20.41070913268843,376.0864878099876,16.232756282052282
12.164616772811772,19.286296952984006,369.19459216963617,16.06018224207139
12.111449153712217,18.24060000282621,362.68845215217306,15.927798721790186
12.056923538233146,17.28024859958996,356.6199257004782,15.837054748013456
12.001225335517145,16.41118441166501,351.038080041111,15.7890137452399
11.944542678437566,15.63862058506137,345.98888964381047,15.784345613489574
11.887065758789863,14.96700741019328,341.51495311181,15.823322229781516
11.828986159095663,14.400003767809347,337.65523073427914,15.905816401872276
11.770496183514611,13.940454549507642,334.44480430586646,16.031304272723908
11.711788190349646,13.590374203356854,331.91466068217244,16.19887114412375
11.653053928612184,13.350936509174204,330.0915003948512,16.407220658193044
11.594483881084937,13.222470641334795,328.99757249681807,16.654687246458
11.536266616281884,13.204463529954976,328.6505366476618,16.939251727969435
11.478588151657462,13.295568484257359,329.06335328280534,17.2585599108926
11.421631330360611,13.493619995239742,330.2442025382502,17.609944026282275
11.365575213763998,13.795654588783911,332.1964324269145,17.99044679863276
11.310594491925126,14.19793755539679,334.91853658373094,18.39684793545669
11.256858914054215,14.69599533921166,338.40416171587134,18.825692797791845
11.204532740974177,15.284653327016073,342.64214471284663,19.27332299533579
11.153774221461092,15.958078738227007,347.6165791898786,19.735908634017832
11.104735094249785,16.709828279200316,353.30691105798047,20.20948193036979
11.057560117378763,17.532900190317307,359.6880625367033,20.689971896162454
11.012386626432457,18.419790282197635,366.73058385160306,21.173239788521556
10.96934412311694,19.362551528379505,374.40083168921007,21.655115015189548
10.928553895478471,20.352856756100667,382.6611733186781,22.131431181797865
10.890128670943009,21.382063954594905,391.47021513236285,22.5980619679741
10.854172303219746,22.441283701750876,400.78305420827036,23.05095652182013
10.820779493973278,23.521448195197912,410.5515513565561,23.486174067728
10.790035550027886,24.613381362992428,420.7246239808963,23.89991743059172
10.762016176724122,25.707869522155725,431.2485569643982,24.288565190144343
10.736787307903041,26.79573205040528,442.0673296795079,24.648702192297623
10.714404972847609,27.867891537543898,453.12295712278757,24.97714815985897
10.694915200364706,28.915442888109478,464.35584308906834,25.270984162703535
10.678353960045248,29.929720855999136,475.70514322587235,25.527576727220865
10.664747140594827,30.90236550479002,487.1091357485836,25.744599386454468
10.654110564983743,31.825385104282077,498.5055975500057,25.920051495609286
10.646450042023604,32.6912159942536,509.83218340495887,26.05227416230432
10.641761453838665,33.49277897038847,521.0268059516397,26.13996316687029
10.64003087856413,34.223531774619595,532.0280141267184,26.18217877490102
10.641234747471445,34.877517302525085,542.7753677405922,26.178352371918635
10.645340035592525,35.44940717367881,553.2098059028152,26.12828987815917
10.65230448479145,35.93454034674006,563.2740070453183,26.03217192987398
10.662076858114055,36.3289564992935,572.9127383423998,25.890550841921193
10.674597224133167,36.62942393272826,582.073192391297,25.704344394537735
10.689797269900765,36.83346180446742,590.705309095029,25.474826514787935
10.707600641018205,36.9393565333057,598.762080779677,25.203614950036375
10.72792330724243,36.94617226815439,606.1998386807668,24.892656056654637
10.750673951959927,36.85375535578922,612.9785190473239,24.544206851819574
10.775754383781573,36.66273278890698,619.0619072367939,24.1608144994796
10.803059968440596,36.3745046615724,624.4178583085701,23.74529342315656
10.832480079112948,35.99123070463316,629.0184927675673,23.300700258028876
10.863898563224648,35.515811018553194,632.8403662612023,22.83030687253908
10.897194223764282,34.951861165024766,635.8646121923927,22.337571705437632
10.932241313080933,34.30368182133593,638.0770563767702,21.826109677584387
10.968910037118508,33.57622324247232,639.4683030432299,21.299660948871917
11.00706706801682,32.77504481501198,640.0337916521313,20.762058799223972
11.046576062997692,31.906270023734574,639.7738241838966,20.21719691869307
11.08729818745112,30.976537186237568,638.6935627312797,19.6689963951927
11.12909264014174,29.992946342472415,636.802997410151,19.12137268933343
11.171817178469643,28.96300271474908,634.1168847851031,18.578202884192837
11.215328641741783,27.89455717919275,630.6546571864585,18.04329349366574
11.259483470440621,26.79574421168402,626.4403034732165,17.52034910636339
11.304138219515142,25.674917789810646,621.5022219710658,17.012942132932103
11.349150063765636,24.54058574716796,615.8730464846899,16.524483913236544
11.394377293447516,23.40134308735939,609.5894464482259,16.058197426216836
11.439679798280572,22.265804772189046,602.6919024358418,15.617091829514404
11.484919538118124,21.142538501753844,595.2244584050442,15.203939038322897
11.529960998605263,20.039998003416443,587.2344521875771,14.821252533524829
11.574671630236336,18.966457341978,578.7722258757642,14.471268568207034
11.618922269308552,17.92994675481538,569.8908178750517,14.155929919304342
11.66258753936091,16.938190503367277,560.6456385056048,13.876872307610524
11.705546231784815,15.998547216246914,551.0941311363781,13.635413584935167
11.747681664394474,15.11795317955213,541.2954209235288,13.432545762001316
11.788882016851073,14.302869006789146,531.3099533008227,13.268929925000583
11.829040641944044,13.559230094404498,521.1991244323285,13.144894062784937
11.868056351845219,12.892401239433827,511.0249058868325,13.060433800711454
11.905833678566724,12.307135763453262,500.8494658287244,13.015216011402515
11.942283107970509,11.80753945210833,490.73478904139483,13.008585247368984
11.977321286796036,11.39703958226255,480.7422981063135,13.03957291579393
12.01087120229221,11.078359269539945,470.93247805388097,13.106909092006925
12.04286233415976,10.853497328031253,461.36450678091524,13.209036845502727
12.073230778630256,10.723713791506832,452.09589349436055,13.344128930971147
12.10191934462737,10.689521201952815,443.18212739172986,13.510106676891644
12.128877622074425,10.7506817269531,434.67633872619103,13.704660885977171
12.15406202252894,10.906210122715166,426.6289743284786,13.925274545281553
12.17743579243962,11.15438251472271,419.08748956941275,14.169247129250014
12.198968999433275,11.492750923433071,412.09605864628105,14.43372026651283
12.218638492148283,11.91816341846083,405.6953049642911,14.715704530895861
12.236427834236704,12.426789741634389,399.9220532614382,15.012107109028744
12.252327213258802,13.014152197505979,394.80910499217333,15.319760091130032
12.266333325291114,13.675161569654367,390.3850383430509,15.635449128075155
12.278449236161649,14.404157782747836,386.67403410291956,15.955942196723727
12.288684220313382,15.194954994122496,383.6957284521369,16.27801821669147
12.297053578379266,16.040890764852627,381.4650935706959,16.59849526527142
12.303578434628202,16.934878929198092,379.9923467950555,16.9142581429914
12.308285515511773,17.869465753146294,379.2828888789123,17.222285050270578
12.311206910605506,18.836888947731296,379.33727173519975,17.51967314572029
12.312379817295856,19.829139081101776,380.15119585634034,17.80366276871504
12.311846270614954,20.83802291508357,381.7155374283212,18.071660122815
12.30965285966894,21.855228177377775,384.0164049725996,18.321258232310274
12.30585043214268,22.872389269662445,387.0352251693083,18.550256001423158
12.300493788393332,23.88115340480213,390.7488573368074,18.756675224379652
12.29364136666796,24.873246663170217,395.12973586741447,18.93877541446255
12.285354920995605,25.8405394587729,400.1460397482169,19.095066341096004
12.275699193312597,26.775110910425802,405.7618881302629,19.224318185784476
12.264741581380715,27.669311621637533,411.93756075016233,19.32556925013321
12.252551804051812,28.51582438503259,418.6297418561751,19.39813117200055
12.239201565419382,29.307722343006493,425.79178614715113,19.441591628863875
12.22476421937743,30.038524155724456,433.3740050980975,19.455814530505563
12.209314436080398,30.702245750404884,441.3239719214962,19.440937725933015
12.192927871764493,31.293448251894983,449.58684329955423,19.39736827182817
12.175680843351198,31.807281723647762,458.10569592002656,19.325775331574615
12.157650009208027,32.23952438012835,466.8218757577392,19.227080794838933
12.138912057389998,32.586616966167426,475.6753579660093,19.10244772760017
12.119543402628391,32.845692035579866,484.6051151772892,18.953266781251934
12.099619893270923,33.014597900197714,493.549491960941,18.78114070678143
12.079216529310488,33.09191706103236,502.44658314840683,18.58786713590894
12.058407192567934,33.07697897527529,511.2346137123868,18.375419805315133
12.037264390018601,32.96986705595022,519.8523178771424,18.145928412572506
12.015859011172825,32.771419844915414,528.2393151417326,17.901657303030706
11.99426010033787,32.48322634425218,536.3364809168738,17.644983195599085
11.972534644502943,32.10761553552654,544.0863095090369,17.37837216205838
11.95074737750083,31.647640160641856,551.4332672321934,17.104356079172668
11.9289606010094,31.107054881673452,558.3241334879715,16.825508775434074
11.907234022864472,30.490288979865465,564.7083277285537,16.544422094752065
11.885624613062548,29.802413795548432,570.5382203029548,16.263682097807116
11.864186477738297,29.049105150792297,575.7694252858564,15.985845618158711
11.842970751307838,28.236601034840202,580.3610734983394,15.713417384580799
11.822025506875196,27.37165486848459,584.2760640509524,15.448827913562504
11.80139568490637,26.461484697278813,587.4812928708817,15.194412366546171
11.781123040083589,25.51371869456713,589.9478568156952,14.95239055538071
11.761246106162,24.536337383533283,591.6512321254077,14.7248482667659
11.741800178562727,23.537613012597383,592.5714261215038,14.513720062284547
11.722817314350207,22.526046540345735,592.6931012251252,14.320773695111578
11.704326349158597,21.51030270459331,592.0056705358719,14.147596267808538
11.68635293055191,20.499143665016177,590.5033643865404,13.995582237926932
11.668919567226101,19.50136171994022,588.1852674665801,13.865923359629289
11.652045693388583,18.52571160524889,585.0553262869875,13.759600630375445
11.635747747582226,17.5808428869241,581.1223269406916,13.67737829209962
11.620039265156901,16.675232958430264,576.3998432940965,13.61979991641228
11.604930983532356,15.817121150001151,570.9061559262266,13.587186583388869
11.590430959342056,15.014444448918463,564.6641423107716,13.579637143647917
11.576544696498644,14.27477531814507,557.7011389121476,13.597030533858781
11.563275284178143,13.605262085282188,550.0487760383986,13.639030096740788
11.550623543682171,13.012572354873633,541.742786460337,13.705089838195631
11.538588183105281,12.502839874727712,532.822788966699,13.794462536626332
11.527165958708334,12.081615261334594,523.3320481783425,13.906209602896148
11.516351841878514,11.753820960818077,513.3172120896478,14.03921257392353
11.506139190542413,11.523710790391483,502.8280289414704,14.192186108728775
11.496519923890396,11.394834371225098,491.9170451563425,14.36369234297166
11.487484699268345,11.370006727232706,480.6392861824111,14.552156446756404
11.479023090096863,11.451283285820985,469.05192219708726,14.755883220825268
11.471123763687824,11.639940476408967,457.2139207139427,14.973074558294805
11.463774657843967,11.936462080814378,445.18568821646124,15.201847592869658
11.45696315514878,12.340531446735264,433.02870300933216,15.440253350044383
11.450676253881017,12.851029631848936,420.80514153166735,15.686295715198353
11.444900734520887,13.46603950183482,408.577500416486,15.937950531714478
11.439623320852677,14.182855761232997,396.40821660681587,16.193184643298093
11.43483083471158,14.99800085181035,384.35928785063356,16.449974697513433
11.430510343470102,15.907246609350711,372.4918958945401,16.706325532147325
11.42664929941158,16.905641526842924,360.86603467956803,16.960287972293433
11.423235670194797,17.98754343023062,349.5401458119164,17.209975873949666
11.42025805967398,19.146657332523972,338.5707635369326,17.45358225934428
11.417705818402323,20.37607819345557,328.01217138654465,17.689394400048617
11.415569143214423,21.668338275279662,317.91607259896966,17.915807716076387
11.413839165352918,23.015458751038476,308.3312763253137,18.13133837248244
11.412508026677296,24.409005189903716,299.3034015411497,18.33463446931533
11.411568943567367,25.840146515286367,290.87460047290625,18.52448573599951
11.411016258210424,27.299717005501243,283.0833032295736,18.699831657166648
11.410845477038748,28.778280884073382,275.9639852005872,18.859767973457675
11.411053296162853,30.26619902744211,269.54695864153854,19.003551517710626
11.41163761372499,31.753697302003843,263.8581897214823,19.130603364063962
11.412597529176768,33.23093603024741,258.9191421499232,19.24051028466851
11.413933329563696,34.68808007726798,254.74664833905643,19.333024525743944
11.41564646297777,36.11536904425655,251.35280888847765,19.408061931469184
11.417739499416339,37.5031870546843,248.74492100640992,19.465698460495524
11.420216079361179,38.84213162183951,246.9254363045734,19.50616515555869
11.42308085046544,40.123081093103984,245.89194822422812,19.529841641589574
11.426339392807597,41.33726017682308,245.63720916975194,19.537248241739814
11.429998133240339,42.476303071749136,246.1491772444801,19.529036813715592
11.434064249428236,43.53231373671261,247.4110923025425,19.50598042062742
11.438545564230362,44.497922859265756,249.40158085119458,19.468961961108295
11.443450431143074,45.36634110638954,252.09478916174353,19.4189618926287
11.44878761157281,46.13140826777297,255.46054377470378,19.357045189664024
11.454566144759571,46.78763793245718,259.46453841732625,19.284347684581682
11.460795211217755,47.33025737255872,264.0685461901615,19.202061943757933
11.467483990602432,47.75524234309765,269.23065572482216,19.111422834475533
11.474641514945608,48.05934654439549,274.9055298685509,19.013692939571293
11.482276518238216,48.24012553279135,281.04468531347413,18.910147976596804
11.490397283359638,48.29595490626177,287.59679146036837,18.802062376437163
11.499011487377018,48.22604263361276,294.5079866891641,18.69069517293435
11.508126046251604,48.03043543893127,301.72221010200496,18.57727635012565
11.517746959998703,47.710019196613196,309.1815467100621,18.46299378729768
11.52787915935144,47.266513336205016,316.8265839531371,18.3489809342451
11.538526354976424,46.702459300178404,324.5967773717857,18.236305340001163
11.549690890281648,46.02120314127639,332.4308231957496,18.125958147975787
11.561373598843375,45.22687238890298,340.26703557020187,18.018844659008668
11.573573667459742,44.32434735586017,348.0437261129616,17.915776051445786
11.58628850581408,43.31922709725647,355.6995834815859,17.817462334108583
11.59951362370086,42.21779027232102,363.17405062920466,17.72450659408937
11.613242516731832,41.02695119687203,370.40769744208194,17.637400586819854
11.62746656139942,39.754211409033715,377.3425864801576,17.55652170097612
11.64217492032899,38.407607103218865,383.92262958397265,17.482131315657746
11.657354458501583,36.99565281715628,390.093933167254,17.414374552069127
11.672989671173973,35.52728178362838,395.8051300836055,17.353281406795514
11.68906262416436,34.011783382398065,401.0076960378509,17.298769238861297
11.705552907109078,32.45873814837386,405.6562486070782,17.25064656823635
11.72243760022965,30.87795080924325,409.7088270427646,17.208618129468828
11.739691255079762,29.279381839470265,413.1271511428726,17.17229111081049
11.757285889669385,27.673078027612853,415.87685761079194,17.14118249670108
11.775190998288117,26.0691025602982,417.92771245564046,17.114727419916882
11.793373576272526,24.477465128859464,419.25379813494277,17.092288419183937
11.811798159883224,22.908052563570983,419.83367429512936,17.073165488712373
11.830426881376791,21.37056049563751,419.65051112673325,17.05660679802011
11.849219539276143,19.87442653863716,418.69219451860147,17.04181995366136
11.868133683760686,18.428765469056465,416.9514023678669,17.027983669124566
11.887124717015228,17.042306869986596,414.4256515787862,17.01425970526777
11.90614600829436,15.723335683094394,411.11731546276513,16.99980494125317
11.925149023377434,14.479636091786121,407.0336114328641,16.983783435049823
11.944083468008666,13.318439133217302,402.1865590677045,16.965378333197094
11.962897444837758,12.246374408662966,396.5929088008606,16.943803491655352
11.981537623299108,11.269426230961752,390.27404167142436,16.91831467318589
11.99994942179261,10.392894514519451,383.25584074836576,16.888220191760904
12.018077201456556,9.62136067795272,375.5685350145019,16.85289088094971
12.03586447075371,8.958658792141808,367.24651666427434,16.81176927099093
12.053254100025518,8.407852167518143,358.32813293208187,16.764377868257398
12.070188545106932,7.971215534135256,348.85545372364567,16.7103264409568
12.086610079036063,7.6502229267584765,338.8740164708147,16.649318226077888
12.102461030838715,7.445541345168988,328.4325497694896,16.58115498467205
12.117684030318552,7.357030217426344,317.5826774900543,16.505740845425375
12.132222257739066,7.383746651282067,306.3786051691004,16.42308488999131
12.14601969724426,7.523956416606595,294.8767905995619,16.33330244757701
12.159021392830926,7.775150559890068,283.13560063298763,16.23661508065907
12.17117370565705,8.134067510917806,271.2149562919758,16.133349258295613
12.182424571448275,8.596720501901938,259.17596836227113,16.023933728148688
12.192723756747533,9.158430080966696,247.08056569221867,15.908895612877942
12.202023112742395,9.813861465214746,234.9911184718725,15.788855270862099
12.210276825399955,10.55706644391574,222.97005879473107,15.66451997509608
12.217441660640702,11.381529509906965,211.07950082169353,15.536676477453867
12.223477203290635,12.280217867313551,199.3808628692625,15.406182538156763
12.228346088564832,13.245634936401357,187.93449373223788,15.273957512111203
12.232014224855845,14.269876951960287,176.79930552527526,15.14097209465205
12.234451006626678,15.344692230257163,166.032415287798,15.00823733903048
12.235629516240328,16.461542661443094,155.68879754319534,14.876793066614509
12.235526713596252,17.61166696947594,145.82094993623997,14.747695798129987
12.234123612488116,18.7861452702292,136.47857399271018,14.622006340281537
12.231405442646858,19.97596445057182,127.70827295273263,14.500777166686339
12.227361796488236,21.172083886876575,119.55326852497885,14.385039735178601
12.22198675964422,22.365501020661515,112.05313829315227,14.275791885159338
12.215279024422912,23.547316311891464,105.24357537994752,14.173985458752975
12.207241985411436,24.708797096828338,99.15617183756346,14.080514288082018
12.197883816510615,25.84143988716509,93.81822708880021,13.996202687992927
12.187217528768445,26.937030660425247,89.25258258959882,13.921794589084936
12.175261008461417,27.987702708145957,85.47748372357024,13.857943439947926
12.162037034958093,28.98599162805989,82.50646977256046,13.80520300016365
12.14757327798758,29.924887069187555,80.34829263564258,13.764019136932497
12.131902274026503,30.797880864275136,79.00686479316002,13.734722728243902
12.115061381611072,31.599011212158977,78.48123683364034,13.717523764405394
12.097092715475616,32.322902603192546,78.76560468065516,13.712506727596248
12.078043059515068,32.964801213598705,79.84934647511669,13.719627316033753
12.05796375866586,33.52060552925875,81.71708888719374,13.738710565466544
12.036910589897069,33.98689199575403,84.34880245209648,13.769450406177747
12.014943612601014,34.36093552916382,87.71992534653707,13.811410678638017
11.99212699876948,34.64072476090489,91.80151484878583,13.864027615547286
11.968528843437598,34.82497192948378,96.56042555599636,13.926613782401116
11.944220955972142,34.91311737212229,101.95951326887861,13.998363453072303
11.919278632873702,34.90532860951141,107.95786329688555,14.078359381372
11.89378041285271,34.80249405714566,114.51104178776414,14.165580914307643
11.867807815027183,34.60621143648758,121.57136854457816,14.258913377945646
11.841445061174644,34.318770998319806,129.08820966192388,14.357158652570275
11.81477878305199,33.943133708762666,137.00828819191236,14.459046840356478
11.787897715874196,33.48290458529426,145.27601094025587,14.563248916186001
11.760892379115816,32.94230140542949,153.8338093941927,14.668390240668678
11.73385474586743,32.32611904424124,162.62249269759232,14.773064804009755
11.70687790204253,31.639689728392263,171.58161051493838,14.875850060202943
11.680055696788262,30.88883952356212,180.64982356543342,14.975322203232555
11.653482385505722,30.079841398891826,189.76527956160066,15.070071730623116
11.627252266931979,29.219365236132454,198.86599225370475,15.15871913485971
11.601459315776209,28.314425172407752,207.89022126236287,15.23993055997489
11.576196812436196,27.372324683730053,216.77685037689267,15.312433259005788
11.551556971348798,26.400599831522026,225.4657620063481,15.375030688094395
11.527630569548492,25.406961106286207,233.89820549372627,15.426617074750112
11.504506577021829,24.399234311157784,242.01715704136606,15.46619130120983
11.482271790452321,23.385300933315197,249.76766904685653,15.492869948897827
11.461010471949944,22.373038453082458,257.0972067135434,15.505899356667294
11.440803994351928,21.370261039036386,263.95596987752157,15.504666553743773
11.421730494667022,20.38466107254912,270.2971980834227,15.488708938018068
11.403864537213671,19.42375193700588,276.0774570437173,15.457722581468023
11.387276787973896,18.49481249550688,281.2569047301037,15.411569056924183
11.372033701648965,17.60483366629355,285.79953547008694,15.350280694022263
11.358197222860476,16.76046748754808,289.67340055634503,15.274064186877325
11.345824502891226,15.967979042747999,292.8508040200962,15.183302491636383
11.334967633304604,15.233201594576478,295.3084723715342,15.078554968467486
11.325673397719129,14.56149524967803,297.02769726958405,14.960555739569964
11.317983042946768,13.957709448511824,297.9944502487457,14.830210252278412
11.311932070629705,13.426149544407512,298.1994688016525,14.688590054112774
11.307550050430873,12.970547703909144,297.63831329111014,14.536925804525243
11.304860455748944,12.594038326845514,296.3113943437423,14.376598565936668
11.303880522839101,12.299138149551586,294.2239705578531,14.209129434263224
11.304621134126897,12.087731158553062,291.3861165396253,14.036167586333564
11.307086726404648,11.961058405091132,287.8126614631934,13.859476838214393
11.311275224497999,11.919712773387495,283.52309853035683,13.680920824330585
11.317178000885482,11.963638717816808,278.5414658836219,13.502446922221273
11.324779861646082,12.092136946448084,272.8961997008066,13.32606906166257
11.3340590589998,12.303873991025124,266.619960369525,13.153849569564063
11.344987330594227,12.5968965666581,259.74943280446604,12.987880213376759
11.357529965576799,12.968650588570032,252.3251021284761,12.830262615610524
11.371645897378196,13.416004678452254,244.39100608907935,12.68308822034184
11.387287823017646,13.935277959589627,235.99446572432325,12.548417999202098
11.404402348626409,14.522271908168072,227.18579592480603,12.428262089193284
11.422930160771724,15.17230599830667,218.0179976616774,12.324559557721038
11.442806223050685,15.880256850585313,208.54643376248328,12.23915849141532
11.463959997312267,16.640600568368292,198.82849021732397,12.173796604602684
11.486315688756598,17.44745792323899,188.92322508625654,12.130082560686946
11.50979251405402,18.29464203052819,178.89100715468533,12.109478195199403
11.534304991522996,19.17570813838081,168.793146546149,12.11328182291799
11.559763252306006,20.084005139189166,158.69151955110485,12.142612803274982
11.586073371386597,21.01272840062414,148.64818996564742,12.1983975283353
11.613137717199274,21.954973504997596,138.7250292554582,12.281356986012845
11.64085531849721,22.90379048034454,128.98333786744325,12.391996037997416
11.669122247061383,23.85223810445088,119.48347000450713,12.53059453720075
11.697832014758962,24.793437864079788,110.28446415773048,12.697200393526012
11.726875983388979,25.72062715584761,101.44368165501426,12.891624679560442
11.75614378568989,26.62721132252622,93.0164554362363,13.113438849540646
11.785523755826802,27.50681412894033,85.05575120244302,13.361974125807253
11.814903367626227,28.353326294992865,77.61184301092773,13.636323087127368
11.844169678783514,29.160951719581597,70.73200529973988,13.935343472898946
11.873209779232727,29.92425104813279,64.46022322469497,14.257664196552602
11.901911241840962,30.638182258020535,58.83692308000972,14.601693540624712
11.930162573569035,31.298137960091776,53.89872445087484,14.96562948518871
11.95785366522826,31.89997914068887,49.678215613418686,15.347472100795388
11.984876237958806,32.440065096748455,46.20375355536936,15.745037916985602
12.01112428455875,32.91527934653692,43.49928984019696,16.15597615799159
12.036494503804839,33.3230513301262,41.58422337950006,16.57778671862699
12.060886725925572,33.66137374657699,40.47328101389247,17.00783973576231
12.084204327414978,33.928815408724034,40.176426632614934,17.44339659436586
12.106354633411046,34.12452953118938,40.698799387617015,17.881632192025336
12.12724930590601,34.248257402524104,42.0406813799675,18.31965827230504
12.146804716106676,34.30032742791883,44.197495016261065,18.75454762537693
12.164942299321204,34.281649564466,47.15983005128573,19.18335894421718
12.18158889081439,34.19370520622914,50.91350015171891,19.60316211639283
12.19667704114579,34.038532611110625,55.43962863512958,20.0110637251669
12.210145309584265,33.81870799544608,60.714762860188614,20.404232529402883
12.221938534277877,33.537322455138195,66.71101656882517,20.779924689603977
12.232008077949597,33.19795490372779,73.3962393101671,21.13550850741855
12.24031204798629,32.804641247847655,80.7342119105352,21.468488448095922
12.24681548989083,32.36184004879508,88.68486679452462,21.776528219685417
12.251490553174337,31.87439494527865,97.20453181026524,22.05747268921154
12.254316628877028,31.34749413655385,106.24619606826866,22.309368424587962
12.255280458021668,30.78662724697687,115.75979616867389,22.530482661587797
12.254376210422492,30.19753991232553,125.69252106706939,22.719320507688725
12.251605533394294,29.58618644491263,135.98913371511603,22.87464020895381
12.246977570030683,28.958680948436804,146.592307509646,22.995466322177688
12.240508946846669,28.321247264578908,157.4429754933867,23.08110065218525
12.232223730708366,27.680168141478344,168.48069017250472,23.13113083326558
12.222153355100916,27.041734019366764,179.6439917512628,23.14543645409251
12.21033651591457,26.412191830757486,190.87078253264409,23.124192646946142
12.196819037057157,25.79769421168365,202.09870519609134,23.06787108441667
12.18165370632899,25.204249516558964,213.26552263984314,22.97723834984365
12.164900082122365,24.637673022343325,224.30949706576965,22.853351671314698
12.146624271632366,24.103539697880947,235.16976598927772,22.697552032900454
12.126898681387505,23.607138901636795,245.7867128756534,22.51145470072528
12.105801741027856,23.153431355678265,256.10233013708665,22.296937225241123
12.083417601373698,22.74700872576021,266.0605722713346,22.05612500446953
12.05983580793937,22.392056116919612,275.60769698328033,21.79137451578536
12.035150951153948,22.092317771224053,284.6925922041145,21.505254345821104
12.009462294652547,21.85106622942698,293.2670870091138,21.200524169066398
11.982873383098752,21.671075191458968,301.2862445334442,20.8801118455252
11.955491631089474,21.554596282127225,308.70863509548764,20.547088826180296
11.92742789477832,21.5033398983318,315.4965878582252,20.204644071827097
11.898796027931459,21.518460282765986,321.6164194904315,19.85605670590956
11.869712424201113,21.600544936683225,327.0386384300713,19.504667635171604
11.840295547465594,21.749608451142134,331.7381235014684,19.153850383093957
11.810665452140912,21.96509080242426,335.69427579463246,18.80698139010517
11.780943295417442,22.245860123320767,338.8911428786055,18.467410041338024
11.751250843415358,22.590219927957722,341.3175145898573,18.138428687173224
11.7217099732845,22.995920734030364,342.96698981054993,17.823242923916617
11.692442173298039,23.46017599300232,343.8380138288722,17.524942401656045
11.663568043004176,23.97968220624249,343.93388605350975,17.246472423630603
11.635206795506626,24.55064307346776,343.26273803557785,16.99060659632475
11.607475763942205,25.16879748946435,341.8374819328885,16.759920782005416
11.580489914212878,25.82945117610722,339.6757297321442,16.556768595603675
11.554361366009873,26.527511709394602,336.79968372343745,16.38325867577926
11.52919892413914,27.257526675767014,333.23599889720344,16.241233945790754
11.50510762212053,28.0137246685759,329.01561810544064,16.13225306354362
11.482188279987817,28.790058814375534,324.17358099552655,16.05757424203464
11.46053707816316,29.580252499888456,318.748807885324,16.018141601510315
11.440245149218086,30.377846954174686,312.7838599014638,16.014574193176298
11.421398189263737,31.176250326838684,306.3246768478305,16.047157811419332
11.40407609063631,31.96878789212728,299.4202944074169,16.115839687432917
11.38835259745962,32.748753000587364,292.12254240707983,16.22022613208119
11.374294985575718,33.50945839461916,284.4857259904885,16.359583170013646
11.361963768237217,34.24428750180952,276.5662916490746,16.53284018068572
11.351412428851404,34.94674532037644,268.42248015333774,16.738596535279648
11.342687181957016,35.610508514390105,260.1139685069655,16.975131191796635
11.3358267635002,36.22947434262252,251.7015031133234,17.240415184044778
11.33086225135695,36.797808053871414,243.24652639759321,17.53212691411694
11.32781691692588,37.309988393325085,234.81079916783938,17.847670132477496
11.32670610848799,37.76085087889219,226.45602102432693,18.18419446518826
11.327537166899637,38.14562852330365,218.24345113834246,18.53861832432734
11.330309374051797,38.45998969706502,210.23353171949046,18.90765401550864
11.335013934393494,38.7000728488544,202.48551647399668,19.287834835798833
11.341633989680414,38.86251782355471,195.0571063260259,19.67554393644525
11.350144666971925,38.94449354359754,188.00409462960351,20.06704470785299
11.360513159761581,38.94372184648815,181.38002404068627,20.458512429342257
11.372698841988056,38.85849730007145,175.23585714764198,20.846066913522467
11.386653414536234,38.687702847063385,169.61966287424937,21.22580586476304
11.402321083702262,38.43082116139416,164.57632057290985,21.593838663326412
11.419638770962244,38.08794163075042,160.14724361756691,21.946320281338224
11.438536353252818,37.65976291212427,156.3701241866206,22.279485033965134
11.458936932843272,37.14759103993754,153.27870079654608,22.589679868988824
11.480757135753946,36.55333309916532,150.9025500078238,22.87339690041805
11.50390743755488,35.8794865085882,149.2669035769878,23.127304896863265
11.528292515262489,35.12912399161583,148.39249217301412,23.348279443072453
11.553811623941014,34.30587434380678,148.2954166138477,23.533431503239665
11.580358996510048,33.4138991370292,148.98704741060413,23.680134127366312
11.607824265160136,32.457865529932704,150.47395323389648,23.786047056980635
11.636092902685519,31.442915382822378,152.75785873990915,23.84913900377602
11.665046681957133,30.37463090192783,155.8356320143245,23.867707394072358
11.69456415168031,29.258997063254732,159.69930171112273,23.84039539327179
11.724521126510455,28.102361089503873,164.33610378171645,23.766206047488858
11.754791189536853,26.911389274781563,169.7285575089624,23.64451340408987
11.78524620508977,25.69302147085269,175.85457038142502,23.475070498761966
11.815756839779466,24.454423565364955,182.68757116692743,23.25801412372667
11.846193089637833,23.20293829668855,190.1966703720247,22.99386631957714
11.876424811204362,21.946034761666304,198.3468471065906,22.68353256171131
11.906322254377976,20.6912569815804,207.09916121126994,22.32829664120095
11.935756594845245,19.446171897949593,216.4109893510975,21.92981226892567
11.964600463893564,18.21831717333957,226.2362836320531,21.49009146065393
11.992728473425025,17.015149173178745,236.52585115962472,21.01148978921216
12.020017734003066,15.843991502624895,247.22765283041636,20.496688617694566
12.046348363789328,14.711984467844502,258.28711953024344,19.948674454581322
12.07160398626246,13.626035823692773,269.64748380576054,19.370715597407656
12.095672214653774,12.592773159776826,281.2501249820414,18.766336256029923
12.11844512108651,11.618498264330757,293.0349256163533,18.139288369344662
12.139819688465616,10.70914379032779,304.94063710904686,17.493521350325242
12.159698243233594,9.870232530921443,316.90525223651935,16.833150013254883
12.177988867184173,9.106839591776486,328.86638232888805,16.16242095388199
12.194605786609737,8.423557726273623,340.7616367866199,15.485677667743118
12.209469737149645,7.824466076114522,352.52900261607346,14.807324703957915
12.222508302804771,7.313102534691529,364.1072216638121,14.131791161283223
12.233656227688318,6.892439923913985,375.43616324360715,13.46349384002754
12.24285569919359,6.564866147196025,386.45718987825387,12.806800367503866
12.250056601375919,6.332168452223056,397.11351392039626,12.165992615995595
12.255216737467144,6.195521907140692,407.35054287236574,11.545230730704692
12.258302020567385,6.15548216317236,417.1162112941175,10.948518080850167
12.25928663168878,6.211982545601299,426.3612972703683,10.379667440019222
12.258153144459648,6.364335483772998,435.0397215024508,9.842268692094523
12.254892615934274,6.6112382595186645,443.10882719664056,9.339658346671909
12.249504643092507,6.950783022397444,450.52963903813065,8.87489113294322
12.24199738475439,7.380470989629684,457.2670996677052,8.45071392367591
12.232387548777195,7.897230718767983,463.2902822157169,8.06954222131989
12.220700344545104,8.49744031224292,468.5725775943729,7.73343941658263
12.206969400904649,9.176953385134595,473.09185540365553,7.444099006219662
12.191236649841409,9.931128601056233,476.8305974675434,7.202829931494815
12.173552176334674,10.754862556084202,479.7760031845375,7.010545171991663
12.153974034966287,11.642625767402704,481.9200660488287,6.867753701437148
12.132568033997028,12.588501501917746,483.25962087470555,6.774555883175445
12.109407487758233,13.586227160679432,483.79636143592523,6.73064235315815
12.084572938337152,14.629237917671581,483.53682841265254,6.735296408057738
12.058151847661403,15.71071229649898,482.49236772011074,6.7873998856296485
12.030238261210178,16.82361935582293,480.6790594741728,6.885442494014082
12.000932444697122,17.96076714415509,478.11761802864464,7.02753451654968
11.970340495181556,19.114852076874083,474.8332636958544,7.211422789133019
11.938573928170413,20.27850888312994,470.85556693528827,7.4345098184640666
11.905749242372526,21.444360767675814,466.218265963334,7.6938758819208415
11.871987463859378,22.60506943261588,460.959058899694,7.986303923552418
11.837413671471538,23.753384606582063,455.11937172170246,8.308307036003105
11.802156505387549,24.8821927339102,448.7441034456783,8.656158295300514
11.766347660841767,25.98456448393639,441.8813500936802,9.025922694561718
11.730121369038917,27.05380075050854,434.58210913371903,9.41349090398244
11.6936138673662,28.083476824122243,426.89996620085003,9.814614568142249
11.656962861047901,29.067484433641038,418.8907660149078,10.224942837829126
11.620306978422926,30.000071371239166,410.6122695072285,10.640059822389773
11.583785222051839,30.875878432868653,402.12379925304367,11.055522640145137
11.547536417877422,31.68997342706411,393.48587537767526,11.46689973875449
11.511698664670462,32.43788202709615,384.75984416292073,11.869809154620128
11.476408785991476,33.11561526519829,376.00750162461594,12.25995638052434
11.441801786888446,33.71969349263918,367.2907143630979,12.633171513685115
11.408010317531001,34.2471666556112,358.67104000494624,12.985445362283707
11.375164145952805,34.69563076404892,350.2093495568651,13.312964197207288
11.343389642036021,35.06324045838388,341.9654539808541,13.612142847188231
11.312809274825375,35.34871760767515,333.997737274003,13.879655849614023
11.283541125203968,35.551355901314636,326.3627982964358,14.112466385903035
11.255698415899673,35.67102142538667,319.11510353745365,14.307852749349335
11.229389060719123,35.70814924354758,312.30665294300707,14.463432114569207
11.204715234826976,35.663736030774295,305.98666084777517,14.577181400947765
11.18177296780118,35.539328836306915,300.20125396274165,14.647455047582579
11.160651761100972,35.3370100793759,294.993188264885,14.67299954393382
11.141434231483613,35.0593789076643,290.4015865199939,14.652964588482579
11.124195781798903,34.70952907372676,286.4616980434768,14.586910776924707
11.109004300477682,34.29102350858435,283.20468216803107,14.47481375153054
11.0959198909124,33.80786579427683,280.6574167420963,14.317064774016654
11.0849946318048,33.26446875812118,278.84233282995666,14.11446771533462
11.07627236942845,32.6656204306547,277.77727662414736,13.868232486910717
11.069788542622678,32.01644762660313,277.47539941443324,13.579964968796025
11.065570041200168,31.3223774235906,277.945076286075,13.25165352063635
11.063635098313327,30.58909682660454,279.1898540444401,12.885652191077678
11.063993217185415,29.822510917351313,281.2084286843128,12.484660769925195
11.066645132471773,29.028699796527356,283.9946525416132,12.051701854818674
11.071582806374797,28.213874633631498,287.5375710837491,11.590095130132951
11.078789459494434,27.384333143219937,291.8214891136065,11.103429080032745
11.088239636254196,26.546414808445178,296.8260659823427,10.595530379890365
11.099899304601914,25.706456172319196,302.5264392287819,10.070431230420311
11.11372598954498,24.87074651441821,308.89337588941083,9.532334916717478
11.12966893994243,24.04548422573877,315.89345055378556,8.985579889749774
11.147669327841427,23.236734187170484,323.4892490766411,8.43460268061677
11.167660479513994,22.45038644763558,331.63959670113144,7.883899967933614
11.189568137221908,21.692116486449017,340.29980919837203,7.33799012594292
11.213310750613843,20.96734733096576,349.42196548774064,6.801374585337224
11.238799796539904,20.281213785215986,358.95520007106,6.278499340253119
11.265940125954792,19.638529008117295,368.8460134926448,5.773716933460763
11.294630336472814,19.04375366112062,379.0385989269942,5.291249247437583
11.324763169035874,18.500967824949445,389.47518289729743,4.835151421818767
11.356225927060231,18.013845863587168,400.09637804155545,4.409277207726532
11.388900916339233,17.585634391014178,410.8415457694352,4.0172460567831205
11.422665903898071,17.219133472580403,421.6491665925371,3.662412227325809
11.457394593922992,16.91668116848879,432.45721586382695,3.347836172597051
11.492957118821728,16.680141501848723,443.2035426289329,3.0762584556422485
11.529220543414416,16.510895908328507,453.82624927298633,2.8500764134868506
11.566049380205142,16.409838198773723,464.2640696418234,2.6713237690804283
11.603306113643773,16.37737304045766,474.4567433257069,2.5416533637028556
11.64085173125592,16.413417937080606,484.34538381720046,2.462323155253785
11.678546259495969,16.517408662422465,493.8728382922843,2.434185599333349
11.716249302164119,16.688308077856835,502.98403681502623,2.457680500521605
11.753820579223355,16.92461823993942,511.6263288307978,2.53283139103648
11.791120463856187,17.224395681153748,519.7498048907496,2.6592454632620433
11.82801051561394,17.58526972479956,527.3076016405644,2.836117051761231
11.86435400753305,18.00446367410099,534.2561882088371,3.0622346295911718
11.90001644512336,18.478818696030743,540.5556322441555,3.3359912532956595
11.934866075172476,19.004820202237195,546.1698439744041,3.6553983611258802
11.96877438235773,19.57862651293775,551.0667967961729,4.0181028000976315
12.001616571713075,20.19609957481735,555.2187230456694,4.421406929685156
12.033272035061742,20.852837490943983,558.6022837542677,4.862291623520695
12.063624799596905,21.544208609561768,561.1987113508948,5.337441965644587
12.092563956871132,22.265386909420204,562.9939244388611,5.843275414850812
12.119984070541074,23.01138841209253,563.9786139454778,6.375972189693606
12.145785561305983,23.777108346572273,564.1483001178333,6.931507607946418
12.169875067577129,24.557358788330987,563.5033600163508,7.505686097893122
12.192165780519275,25.34690649398401,562.0490253381224,8.094176584925313
12.212577752214976,26.14051065373491,559.7953505834151,8.69254894563498
12.231038175816638,26.932960286829605,556.7571517600697,9.296311213024149
12.247481636670102,27.719111010311725,552.9539160006337,9.900947210669468
12.261850333515875,28.49392091837697,548.4096826449098,10.5019542907296
12.27409426900001,29.252485318510658,543.1528965150528,11.0948808505826
12.284171408855165,29.990070081279026,537.2162342803558,11.67536330562517
12.292047809243144,30.702143373038215,530.6364049733905,12.239162201326923
12.297697711882625,31.384405554820127,523.4539258771919,12.782197155952165
12.301103606719337,32.03281704613665,515.7128751537504,13.300580336361476
12.302256262029891,32.643623969285144,507.4606227262734,13.790648182881911
12.301154721984586,33.21338140780579,498.74754106060595,14.248991115261774
12.297806271827717,33.73897413188989,489.6266976141033,14.672480970054849
12.29222637096626,34.21763466361771,480.15353083230553,15.05829594024634
12.284438554388187,34.64695857576056,470.38551167434576,15.403942810346887
12.274474302959884,35.02491693935079,460.38179273647836,15.707276304344266
12.262372883277552,35.34986585714436,450.2028471189326,15.96651538959404
12.248181157869446,35.62055304230341,439.9100992439729,16.18025640671969
12.231953366664193,35.83612142395045,429.56554988226634,16.347482923639838
12.213750880754064,35.99610978351494,419.2313976800183,16.467572240692785
12.193641929591516,36.1004504478522,408.9696595007384,16.540298503229646
12.171701302860832,36.14946408679462,398.84179190272164,16.56583240773805
12.148010028365238,36.14385168393952,388.908316066352,16.544737517272473
12.122655027361773,36.08468376993666,379.2284484642514,16.477963231445145
12.095728748862125,35.97338702715853,369.8597395321408,16.366834485211733
12.067328784496498,35.81172839328543,360.8577225493652,16.21303827891562
12.037557465609574,35.601796808878476,352.27557487557823,16.018607169285065
12.006521444322168,35.34598277032723,344.16379361452545,15.785899877073286
11.974331260349132,35.04695586453382,336.56988768764256,15.517579191565408
11.941100895413292,34.70764047522818,329.53808819983465,15.216587375037093
11.90694731713631,34.331189862812536,323.1090788679419,14.886119291241586
11.871990014320502,33.92095883002849,317.31974815972814,14.52959350094392
11.836350525560384,33.480475194462066,312.2029646584635,14.150621584255873
11.800151963139367,33.01341029589964,307.78737702616934,13.752975963909055
11.763518534175047,32.52354877178051,304.09723978816703,13.340556515521515
11.726575060976499,32.01475783743765,301.1522660037034,12.917356260265707
11.689446502568542,31.49095630945907,298.9675077230183,12.487426442061496
11.652257479321054,30.956083610348617,297.5532649613346,12.054841295446737
11.615131802596972,30.41406899072325,296.9150237458766,11.62366281159497
11.578192011299352,29.868801201587715,297.0534236142714,11.197905808554015
11.541558917157783,29.324098843816117,297.9642547626056,10.78150360769216
11.505351160545771,28.783681614897716,299.6384848601328,10.37827461161101
11.46968477856561,28.25114266433511,302.0623153662329,9.991890069481414
11.434672787074264,27.729922258896135,305.2172670048494,9.625843303978836
11.400424778254735,27.223282947301918,309.08029387335426,9.283420659849371
11.367046535261228,26.734286400982622,313.62392548772004,8.9676744177629
11.334639665384817,26.265772093353522,318.81643589507394,8.681397898662642
11.303301253098402,25.820337964774996,324.62203881922545,8.427102963470938
11.273123534247041,25.400323204081452,331.0011076455835,8.2070000909496
11.244193592551781,25.007793260429256,337.9104189000266,8.0229811929446
11.216593079493013,24.644527181348852,345.3034177326448,7.876605301382758
11.190397958533053,24.31200735444007,353.1305037827435,7.769087235461759
11.165678274528148,24.01141171125994,361.33933567689064,7.7012893307192085
11.142497949067245,23.743608432758776,369.87515229787897,7.673716284322493
11.120914602359957,23.50915317628005,378.681108859942,7.686513143236171
11.100979402178798,23.30828882478783,387.6986257350491,7.739466434146126
11.082736940242427,23.14094773977142,396.8677478971559,7.832008406395244
11.066225136306953,23.00675648034419,406.127512786372,7.963224331962444
11.051475170112598,22.90504293253904,415.4163243435563,8.13186277993418
11.038511441213181,22.834845774843586,424.67233092811244,8.33634875720912
11.027351556596738,22.79492618874314,433.83380480805715,8.574799582568515
11.018006345887663,22.783781706575443,442.8395209018055,8.845043337949743
11.010479903804477,22.799662073460176,451.6291324557308,9.14463971898059
11.004769659433146,22.840586985564418,460.1435413602858,9.470903086753609
11.00086647176444,22.904365553597643,468.3252608402764,9.820927504613117
10.998754750835538,22.988617328291888,476.1187683015215,10.191613527546476
10.998412603711294,23.090794713794484,483.4708461763112,10.579696497748342
10.999812004439885,23.208206585454793,490.3309086834923,10.981776088177076
11.002918987021413,23.338042920483293,496.65131250511433,11.394346826537376
11.007693860336508,23.47740024345015,502.3876494799367,11.813829325176135
11.014091443895989,23.62330768360967,507.4990195240523,12.236601937914681
11.02206132319198,23.772753437614746,511.9482821097788,12.659032562890802
11.031548123356236,23.922711429332153,515.7022847650928,13.077510311045137
11.042491799763091,24.07016795819509,518.7320671963713,13.488476762947398
11.054827944152331,24.212148128816484,521.0130397862648,13.888456542168132
11.068488104792216,24.345741857424137,522.5251353752064,14.274086941304859
11.083400119154433,24.468129255027737,523.2529333984057,14.642146346977757
11.099488457531617,24.576605193048145,523.1857556192123,14.989581222516168
11.116674575994098,24.668602864382922,522.3177328733906,15.313531421539164
11.134877277055915,24.741716161473683,520.6478424161018,15.611353622045677
11.15401307640095,24.793720702823084,518.1799156431196,15.88064268881728
11.173996574008385,24.822593350485338,514.9226161389464,16.119250791719598
11.194740828012414,24.826530073245422,510.8893881859196,16.325304128684227
11.21615772963443,24.803962023405028,506.0983760489984,16.497217124556574
11.238158377536598,24.753569709204175,500.5723145295987,16.63370400040183
11.260653449963646,24.67429515981715,494.33839145750596,16.733787632049008
11.283553573064925,24.565351995455124,487.4280829614599,16.796805641402113
11.306769683821024,24.426233331260562,479.87696252543356,16.82241368912886
11.330213386038274,24.256717460278672,471.72448499790175,16.81058596252248
11.353797297920183,24.056871277696427,463.0137468745167,16.761612877392214
11.377435389777057,23.82705142564282,453.79122431967664,16.67609603755008
11.40104331049318,23.56790315500051,444.1064905285619,16.554940519597167
11.424538701435088,23.280356917772867,434.0119141575128,16.39934457406692
11.447841496554041,22.96562272045399,423.5623406663765,16.210786856340018
11.4708742075105,22.625182285434697,412.81475852089204,15.991011321914783
11.493562192727984,22.2607790836328,401.8279522957601,15.742009940414455
11.51583390936758,21.87440631713838,390.6621447991049,15.466003400964333
11.537621147302305,21.468292945606798,379.37863040614513,15.165419998126158
11.558859244262013,21.044887864309395,368.0394018436396,14.842872902295353
11.579487281414185,20.60684235506057,356.70677270667517,14.501136031223021
11.599448258743147,20.15699094359464,345.44299801547106,14.14311875002441
11.61868924968993,19.698330808276705,334.3098951318119,13.771839635590112
11.637161534616123,19.233999895225665,323.3684673525349,13.39039954766343
11.654820712757672,18.767253903937238,312.67853248109463,13.001954252949742
11.671626792437968,18.30144231525925,302.2983586477808,12.609686850454844
11.68754425941313,17.83998364004638,292.2843096048438,12.216780245810652
11.702542123325989,17.38634007196236,282.6905016648142,11.826389919662827
11.716593942348082,16.943991731682047,273.5684743791232,11.441617230299913
11.72967782619071,16.51641069214624,264.96687697009986,11.06548348366547
11.741776417766335,16.107034975539744,256.93117243307927,10.700904994791426
11.75287685387969,15.71924271228946,249.50336111733134,10.350669353618697
11.762970705423623,15.356326650633632,242.72172547538844,10.017413095253803
11.772053897647488,15.021469202211247,236.62059754093426,9.703600960072102
11.780126611155303,14.717718204696325,231.23015055642935,9.411506912874312
11.787193164376564,14.447963576792928,226.57621602399277,9.1431970726895
11.79326187833424,14.214915033966552,222.6801272976133,8.900514685971531
11.798344924611575,14.021081025165621,219.5585906724767,8.685067256036596
11.802458157491627,13.868749041561548,217.22358475907777,8.498215920833768
11.805620931310683,13.759967438063702,215.68228875683997,8.341067149720955
11.807855904128509,13.696528897145384,214.93704006527562,8.214466808044696
11.809188828874415,13.679955652417647,214.98532149134178,8.1189966161937
11.809648333178435,13.711486576514698,215.81977813069707,8.054973007626337
11.809265689140895,13.792066224295219,217.428263819136,8.0224483683597
11.808074574331496,13.922335908226573,219.7939168696876,8.02121461876389
11.806110825340342,14.10262686820109,222.89526463181372,8.05080907741876
11.803412185228137,14.332955583049516,226.7063562329269,8.11052252646081
11.800018046240872,14.613021255766926,231.19692269015104,8.199409378452511
11.795969189165742,14.942205489070226,236.33256341290362,8.316299826521421
11.791307520709735,15.319574152463819,242.07495795554374,8.459813842499733
11.786075810280204,15.74388142662007,248.38210172495042,8.628376872200109
11.780317427538145,16.213575995684106,255.20856420145017,8.820237062917151
11.774076082079363,16.726809343199903,262.50576809388343,9.033483845870181
11.76739556657699,17.281446092826364,270.2222877216046,9.266067685701719
11.760319504690491,17.875076320969622,278.3041647986945,9.515820800398647
11.75289110501177,18.505029754995466,286.69523968925506,9.780478648181818
11.74515292227859,19.168391757895723,295.33749610811185,10.05770197305578
11.737146627039014,19.862020988246783,304.1714171590292,10.345099197856666
11.728912784898782,20.582568613099788,313.1363505332719,10.640248952791945
11.720490646426253,21.326498941151158,322.1708806353461,10.9407225286192
11.711917948727288,22.090111334223266,331.21320536041117,11.2441060467361
11.703230729635566,22.869563246800173,340.2015152194555,11.548022143505026
11.69446315539243,23.66089423615819,349.074372493971,11.850150973043924
11.685647362615185,24.460050779553267,357.77108810171677,12.148250341405033
11.676813315273685,25.262911730005854,366.2320938691783,12.440174795431284
11.667988677313062,26.065314238488753,374.39930793441613,12.723893501516974
11.659198701475255,26.86307996779102,382.2164910460455,12.997506762877155
11.650466134784802,27.652041422007485,389.6295915797448,13.259261038607091
11.64181114107479,28.42806821549534,396.5870771627095,13.507562343641352
11.633251240838065,29.187093106229156,403.0402508783642,13.74098792553719
11.624801268596709,29.925137620768332,408.94355011793243,13.958296131642738
11.616473347890114,30.638337101492635,414.2548262515961,14.158434398488478
11.60827688388917,31.322965011334468,418.9356034092472,14.340545313982886
11.600218573551386,31.97545633690076,422.95131478859406,14.50397072201367
11.59230243313987,32.592429937586,426.27151504578194,14.648253858171937
11.584529842838336,33.17070969597323,428.8700674699497,14.773139524341431
11.576899608105078,33.70734433345029,430.7253047973245,14.878572328649916
11.5694080373217,34.19962576445844,431.82016268163693,14.964693035580444
11.562049035207629,34.64510587307616,432.1422850048375,15.031833088722713
11.554814211389537,35.041611606641894,431.68410038426975,15.08050738553548
11.54769300343618,35.38725829275852,430.442869408576,15.111405399438878
11.540672813594032,35.68046109821317,428.4207023135814,15.125380759413193
11.533739158388107,35.91994456100303,425.62454699014546,15.123439410912379
11.526875830185615,36.10475013969233,422.0661473973607,15.106726494186177
11.520065069757866,36.23424173764814,417.76197263543213,15.07651208693783
11.513287748818849,36.30810917321335,412.7331171119598,15.034175967526657
11.50652356146683,36.32636958049649,407.00517241207837,14.98119156258818
11.499751223408843,36.289366739082254,400.60807165592524,14.91910924891991
11.492948677807169,36.19776834451191,393.57590729510406,14.84953918372876
11.486093306551945,36.052561244757975,385.94672346222154,14.774133839830832
11.479162145735183,35.855044681031,377.7622841431362,14.694570423121922
11.472132104078785,35.606821584028914,369.067818589391,14.612533348611649
11.464980183052756,35.30978798908194,359.91174552744013,14.52969694855558
11.457683697409829,34.96612064548821,350.34537785090765,14.44770858177246
11.450220494859087,34.57826290659639,340.42260960145086,14.36817230715641
11.44256917360411,34.148908997805286,330.199587152055,14.292633276758986
11.434709296480403,33.680986769552604,319.73436660318976,14.222562994711954
11.426621600442653,33.177639051495156,309.0865594865228,14.159345577792665
11.418288200174228,32.64220373238905,298.31696894236484,14.104265141713697
11.409692784619775,32.078192697612685,287.4872185952672,14.058494424373128
11.400820805275902,31.489269762798155,276.65937639679794,14.023084743470996
11.39165965511526,30.87922774760974,265.8955757353063,13.998957371223591
11.38219883706534,30.25196483831288,255.25763612916535,13.986896393547243
11.372430121014666,29.611460391378174,244.80668582251423,13.987543105191378
11.36234768837599,28.96175033296379,234.60278859089328,14.001391976045731
11.351948263297714,28.306902310696675,224.70457703838386,14.028788207389411
11.341231229681286,27.650990754735165,215.16889462819373,14.069926880359839
11.330198733233184,26.998072004644747,206.0504486351859,14.12485368256237
11.318855767855005,26.352159657169594,197.4014761420873,14.193467182679864
11.3072102457538,25.717200287554043,189.27142512133256,14.275522607336672
11.295273050736702,25.097049693684337,181.70665255225518,14.37063705947682
11.283058074238824,24.495449808013884,174.75014141918106,14.478296103275948
11.270582233720765,23.91600641704357,168.4412383205176,14.597861627267115
11.257865473161575,23.362167822087432,162.8154132929137,14.728580885040936
11.24493074546426,22.837204568222948,157.90404331872824,14.869596601706036
11.231803976683318,22.344190360742246,153.73422084023926,15.01995802436915
11.218514012077051,21.88598428015038,150.32858845112523,15.178632786307906
11.205092544081014,21.465214397857242,147.705200775694,15.344519447341693
11.191574022392452,21.08426288524341,145.87741438010795,15.516460567224904
11.17799554644853,20.745252698812088,144.85380638845513,15.69325616473093
11.164396740673148,20.450035913738656,144.63812230101937,15.873677412511519
11.15081961295763,20.200183767367843,145.22925333355178,16.056480416807638
11.137308396929233,19.996978463156992,146.6212434158586,16.240419931663972
11.123909378647774,19.84140677429238,148.8033258066843,16.42426285944214
11.110670708454215,19.73415547479088,151.75998910079363,16.606801393105215
11.097642198775596,19.675608614416646,155.47107222446348,16.78686566091254
11.084875108767555,19.665846642255524,159.9118878383577,16.963335740759202
11.072421916748706,19.70464737238195,165.0533733930911,17.13515291933907
11.060336081449911,19.79148877378701,170.86226891371942,17.301330080520035
11.048671793165543,19.925553555682757,177.3013204259923,17.460961117688786
11.037483715953037,20.105735508525278,184.3295077804338,17.613229276238968
11.02682672208096,20.330647550668644,191.9022954811636,17.75741434471878
11.016755619974214,20.598631420536552,199.9719049857428,17.89289862628641
11.007324876947647,20.90776894463458,208.48760681104983,18.019171635906744
10.998588338056015,21.25589480267936,217.39603065914187,18.135833483013986
10.990598942418654,21.640610702639513,226.6414916668737,18.24259691400973
10.983408438401403,22.059300870615505,236.1663307845015,18.33928800381261
10.977067099055827,22.509148753270615,245.91126720213373,18.42584550056656
10.971623439226903,22.987154824001976,255.81576066923364,18.502318842396058
10.967123935744585,23.49015537824189,265.81838149194454,18.568864879611656
10.963612752112239,24.01484219823047,275.8571859460495,18.625743349870174
10.961131469095907,24.557782963325277,285.87009481032476,18.67331116733118
10.95971882260227,25.115442278430017,295.7952727059731,18.712015599687426
10.959410450210802,25.6842031904442,305.5715059229106,18.742386418946644
10.960238647696256,26.26038906076651,315.1385764229808,18.765027122884312
10.962232136842072,26.84028566082599,324.437629733536,18.780605334053085
10.96541584580314,27.420163357373706,333.4115344822352,18.789842492030335
10.969810703228147,27.996299254822226,342.00523137500943,18.793502962108814
10.97543344729751,28.564999163270855,350.16606948372987,18.792382689821554
10.98229645077287,29.12261926297765,357.84412778772423,18.78729753546827
10.990407563088533,29.665587338916232,364.9925200034527,18.77907142613382
10.999769970444621,30.19042346265934,371.56768083887573,18.768524464522653
11.010382074785795,30.69376000313421,377.52963192261154,18.756461134261848
11.022237392469302,31.172360852762456,382.8422257822881,18.74365874014065
11.035324473341396,31.623139761093956,387.4733663807133,18.730856219079566
11.049626840852795,32.043177674226555,391.39520486182494,18.718743453471724
11.065122953751928,32.429738985037105,394.5843093099822,18.707951212970674
11.081786189799645,32.78028660647488,397.0218074850364,18.699041843859863
11.09958485185142,33.09249578785199,398.6935016608803,18.692500816908197
11.118482196553193,33.36426660214828,399.5899548657336,18.68872923517623
11.138436485795275,33.59373504078093,399.7065479972889,18.688037392688504
11.159401060965733,33.77928266101814,399.04350746392237,18.69063946333743
11.181324439940928,33.91954474018952,397.60590318338564,18.69664938695599
11.2041504366465,34.01341690000552,395.4036169516362,18.706078006316854
11.22781830291807,34.06006017359019,392.45128137562926,18.718831495023313
11.25226289228735,34.05890449720016,388.7681897438591,18.734711101997224
11.277414845216757,34.00965061799425,384.3781773861453,18.75341422368832
11.303200795204747,33.91227041857406,379.3094752484496,18.774536800381668
11.329543595084967,33.767005668286615,373.5945365784178,18.797577018219492
11.356362562745765,33.574365220410435,367.2698377816941,18.821940283936353
11.383573745402966,33.33512068328536,360.3756546670288,18.846945424984664
11.411090201468404,33.0503006021445,352.9558154486063,18.871832053854053
11.438822298970111,32.72118319681622,345.0574320161742,18.89576902210921
11.466678029397656,32.349287708540146,336.7306111163735,18.917863877127637
11.494563335768197,31.936364416837858,328.0281472115109,18.93717322284586
11.522382453635906,31.484383394660952,319.0051988940103,18.952713875146028
11.550038263699665,30.995522076859682,309.7189508353283,18.963474692948086
11.577432654601951,30.472151723354134,300.2282633365134,18.968428957725443
11.604466894455571,29.91682286419573,290.5933116234288,18.966547167119337
11.631042009585043,29.33224981897002,280.87521709227644,18.956810102676233
11.657059168925748,28.721294387673645,271.13567276034274,18.938222027534803
11.682420072487274,28.086948814286096,261.43656521221305,18.90982386719448
11.707027342257222,27.432318127724987,251.83959535318235,18.870706225345895
11.730784913898852,26.76060196771311,242.4059002888281,18.820022087151234
11.753598427580142,26.07507600528145,233.19567864279412,18.756999064334607
11.775375616263185,25.379073069184354,224.2678216038563,18.68095103997082
11.796026689781725,24.675964090390654,215.67955195821327,18.591289075909952
11.815464713040734,23.96913897706492,207.4860733141774,18.48753145231086
11.83360597668543,23.261987532037985,199.74023166405235,18.369312716714273
11.850370358608053,22.55788052372008,192.49219135257647,18.236391629393722
11.865681674688831,21.860151019725116,185.7891274331823,18.088657902292496
11.87946801720292,21.172076090173825,179.6749362931407,17.926137640588987
11.89166207936748,20.49685898474171,174.18996631690806,17.748997408713066
11.902201464552457,19.83761188403335,169.37077023451207,17.557546856342366
11.911028978734521,19.19733932182308,165.24988066916663,17.35223985440385
11.918092904836287,18.578922370130773,161.85561025650148,17.133674106248538
11.92334725766163,17.98510367402132,159.21187755750532,16.902589214808213
11.926752018212682,17.418473417474654,157.33805982960172,16.65986320252108
11.928273346254544,16.88145629568322,156.24887355603343,16.40650749697452
11.927883770079426,16.37629956274958,155.9542834640229,16.143660411387398
11.925562352512753,15.905062217006655,156.45944058798048,15.87257916508239
11.921294832299012,15.469605379108309,157.76464975645152,15.59463050481232
11.915073740104669,15.071583910682612,159.8653667015857,15.311280003044931
11.906898488478879,14.712439313743142,162.75222480880478,15.024080123918061
11.896775435219194,14.393393943262717,166.41109134311915,14.734657161397957
11.884717919699197,14.115446557370829,170.82315280832384,14.4446971670641
11.870746271826755,13.879369221587579,175.96502891719396,14.155930996765342
11.854887793415667,13.685705575399693,181.8089144758621,13.870118616015205
11.837176711868654,13.534770461361544,188.32274831492575,13.589032813306146
11.817654106186042,13.426650908816962,195.47040823443686,13.314442478414417
11.796367805431158,13.361208456324961,203.21193077091968,13.04809560915142
11.773372259900178,13.338082788988597,211.5037544427996,12.791702214817162
11.748728385360225,13.356696659164408,220.29898498707206,12.546917287761804
11.722503380834581,13.416262051526559,229.5476809656436,12.315324015923256
11.694770520527301,13.515787546205289,239.19715799518625,12.098417408948281
11.665608920590875,13.654086826763479,249.19230974056927,11.897588508510388
11.63510328154944,13.829788273153772,259.4759437093898,11.71410934971757
11.603343607295686,14.04134557354685,269.98912979470157,11.549118835077893
11.57042490168195,14.287049283081096,280.67155943507703,11.40360967539522
11.536446843824141,14.565039252185386,291.46191319626945,11.278416543267834
11.501513443331085,14.873317842191632,302.2982345272471,11.174205574617769
11.465732676760801,15.209763841533691,313.1183074056767,11.091465341989215
11.429216106689076,15.572146991919766,323.86003556412345,11.03049941031368
11.392078484853844,15.958143030518068,334.46182097865864,10.991420571568508
11.354437340911117,16.36534915140564,344.86293930601664,10.97414683938304
11.31641255840413,16.79129978733212,355.00390997420203,10.9783992683164
11.278125939606651,17.23348261125053,364.8268586640882,11.003701645387478
11.239700760953996,17.68935465606947,374.27586996614554,11.049382083653056
11.201261320820457,18.156358450705294,383.2973280564876,11.114576529361173
11.162932481440027,18.631938070753687,391.8402433097243,11.198234175637808
11.124839206797779,19.113555002951845,399.8565628520808,11.299124756966465
11.087106098342023,19.59870372408047,407.3014631564927,11.415847680079596
11.049856930382587,20.084926897024875,414.1336228911473,11.54684292847523
11.013214187047618,20.56983008939229,420.3154743537501,11.690403659787702
10.977298602670734,21.05109592333288,425.8134319546748,11.844690397850322
10.942228707471633,21.52649756902837,430.59809635254993,12.007746704670469
10.908120380376758,21.993911498672166,434.6444329946709,12.177516201856426
10.875086410802204,22.451329422637105,437.9319239711451,12.35186079645532
10.843236071188906,22.89686933489415,440.44469225485335,12.52857995282746
10.812674702040313,23.32878560056777,442.1715975681315,12.705430840241023
10.78350331116542,23.74547802476189,443.1063032905857,12.880149175442966
10.755818188775455,24.14549984842859,443.24731399949485,13.050470570666208
10.729710540020804,24.527564624038053,442.5979834138218,13.21415219046624
10.705266136486163,24.89055193110417,441.1664926938061,13.368994515524959
10.682564988086918,25.233511899180876,438.9657992293591,13.512863008183805
10.661681036728318,25.555668513725227,436.01355623091206,13.643709473021113
10.642681873001774,25.85642168817508,432.33200361488434,13.759592906297131
10.625628477099914,26.135348093667986,427.94783085142984,13.858699630573582
10.610574985033963,26.392200745980475,422.8920126135461,13.939362515259335
10.597568481134399,26.62690735744094,417.19961823291317,14.00007909021826
10.5866488177088,26.839567469722713,410.9095961279563,14.03952836785776
10.57784846261998,27.030448391492996,404.06453452265896,14.056586199228004
10.571192375433174,27.199979972836392,396.710399919557,14.050339001529569
10.566697912663994,27.348748256136695,388.89625492640096,14.020095707949134
10.56437476253916,27.4774880506289,380.67395716212184,13.965397805805338
10.564224909560693,27.587074485089275,372.09784108346554,13.886027345464738
10.566242629041257,27.678513600054565,363.2243846780089,13.782012820229582
10.570414511654754,27.75293204751247,354.1118630618212,13.65363283625637
10.576719517922124,27.81156597213957,344.81999110005034,13.501417511362796
10.585129062428557,27.855749153829727,335.40955723583033,13.326147562144174
10.595607127445112,27.8869004964341,325.9420507666039,13.128851059959839
10.608110405505984,27.90651095226082,316.47928484704016,12.910797857875634
10.622588470372527,27.916129975945438,307.08301752376764,12.673491712354668
10.63898397569738,27.91735160476542,297.81457311923026,12.418660145179729
10.657232880587094,27.9118002652971,288.7344662797367,12.14824211255699
10.677264701149962,27.901116408493507,279.9020309865206,11.86437356939549
10.699002787007913,27.886942076763933,271.37505679823244,11.569371037173335
10.722364621647596,27.870906507452087,263.20943454903096,11.265713303399604
10.747262145386955,27.854611877230788,255.4588136686605,10.956021399265229
10.77360209963965,27.83961929133774,248.1742732197501,10.643037019470011
10.801286391071434,27.827435120287426,241.40400866374162,10.329599564240697
10.830212474160197,27.81949778469086,235.19303627061714,10.018621998059658
10.860273750595201,27.817165086116546,229.58291697973812,9.713065732453448
10.891359983881571,27.821702178544754,224.61150140013234,9.41591475122021
10.923357727453368,27.834270270910267,220.3126975093274,9.13014920557838
10.956150764543153,27.85591614652947,216.71626247099755,8.858718713805878
10.989620558007863,27.887562579881113,213.84761984424367,8.604515604921167
11.0236467082703,27.929999725292316,211.72770330203824,8.370348348774993
11.058107417502997,27.98387754560649,210.37282781429482,8.158915415532645
11.092879958156336,28.04969934191189,209.79458908307137,7.972779805906834
11.12784114391624,28.127816437936538,209.99979184468577,7.814344489648033
11.1628678011681,28.21842406480965,210.9904074770078,7.685828983734673
11.197837239043194,28.32155848360283,212.76356117101764,7.589247293465607
11.232627716131665,28.43709537444591,215.31154874495397,7.526387429301233
11.267118901961872,28.564749512124614,218.62188299813465,7.498792699912747
11.301192331369952,28.704075738959073,222.67736932092419,7.507744967571076
11.334731849915226,28.8544712365023,227.4562100984487,7.554250035865328
11.367624048536882,29.01517908824341,232.93213726961127,7.639025321912741
11.399758685694557,29.18529311611436,239.0745722308184,7.762489945863497
11.431029095290395,29.36376396425324,245.84881210665733,7.924757349780449
11.46133257873202,29.54940639422316,253.21624124853665,8.125630536065493
11.490570779564816,29.740907746802257,261.1345666681036,8.36459999270199
11.518650039177595,29.936837516607795,269.5580759658748,8.640844348894507
11.545481732167364,30.13565797724881,278.4379161780294,8.953233780415307
11.570982580037056,30.33573578650404,287.7223918364191,9.300336159339546
11.595074941993257,30.535354493228063,297.3572804193707,9.680425918081493
11.617687081709684,30.732727860379406,307.2861632645939,10.091495572965272
11.638753409025488,30.926013911787532,317.45076992091435,10.531269828194784
11.658214695655111,31.113329604080942,327.79133383348125,10.9972221572578
11.676018264097845,31.29276601964645,338.2469571877502,11.486593735726416
11.692118149050177,31.462403971614915,348.7559826816233,11.996414577317916
11.706475230741606,31.620329907722837,359.25636995274226,12.523526704160577
11.71905733973464,31.76465199651699,369.6860743595188,13.064609162670388
11.729839332851604,31.893516276774086,379.98342580008654,13.61620467846826
11.73880314001398,32.00512274924882,390.08750525318413,14.174747727533829
11.74593778190391,32.09774128893734,399.9385167388749,14.736593786450547
11.751239358481678,32.16972725598698,409.47815242509904,15.298049512297542
11.754711008516741,32.219536684195916,418.6499486478993,15.855403592607113
11.756362840412937,32.2457409277366,427.3996306688144,16.404957997938787
11.756211834730008,32.24704064930455,435.67544406174756,16.943059364105054
11.754281718923364,32.222279036327826,443.4284707034347,17.46613022799012
11.750602814941171,32.17045413616195,450.6129274357477,17.970699840264704
11.7452118604323,32.09073020631934,457.18644557406196,18.45343428014804
11.738151804429494,31.982447981712752,463.1103295530086,18.911165601691753
11.729471578479146,31.84513376760101,468.3497931285359,19.340919747839926
11.71922584429176,31.678507274369565,472.8741716924039,19.739942977708424
11.707474719084933,31.482488118418306,476.6571094013257,20.10572656405223
11.694283479883355,31.25720092221229,479.6767199769392,20.436029531663873
11.679722248127286,31.002978955923105,481.9157201938005,20.728899223359555
11.663865656021883,30.720366272993594,483.36153523956636,20.982689498124955
11.646792496134513,30.410118302326495,484.00637530352213,21.196076385766954
11.628585355814959,30.07320087056591,483.8472829255243,21.36807104387706
11.609330238074566,29.71078763903037,482.88615081619577,21.498029885876758
11.589116170614114,29.324255951204925,481.1297100397591,21.585661773184714
11.56803480473644,28.91518109820948,478.589488632091,21.631032189909735
11.546180005918695,28.485329021272744,475.28174090733046,21.634564344708693
11.523647437849853,28.036647481857557,471.2273478855982,21.59703717132745
11.500534141762065,27.571255741628804,466.4516894509175,21.51958022662179
11.476938112899518,27.091432805843667,460.9844890212864,21.403665512297565
11.452957875975052,26.599604294892732,454.85963168087864,21.251096273965285
11.42869206146384,26.09832801954342,448.1149568866077,21.063992858131392
11.404238984573837,25.59027834586064,440.79202701671716,20.84477573419914
11.379696228715424,25.0782294457082,432.9358731767572,20.596145814191793
11.35516023526742,24.565037538113533,424.5947198173189,20.32106222750074
11.330725901403268,24.05362223550595,415.8196898474582,20.022717731280583
11.306486187700555,23.546947116870285,406.66449204691867,19.70451195894319
11.282531737208542,23.047999657108384,397.1850926885352,19.3700227293467
11.258950507592758,22.559770648313552,387.4393733786416,19.02297565753841
11.235827417913226,22.08523325418896,377.48677720761367,18.667212324128492
11.21324401152326,21.627321843414226,367.3879453740692,18.306657274381877
11.1912781365002,21.18891075135496,357.20434650450653,17.945284129791837
11.170003644937427,20.77279312206581,346.99790093476867,17.587081104120163
11.149490112339393,20.381659984041374,336.830602250524,17.236016222564352
11.129802578268567,20.018079713582935,326.7641384006448,16.896002546771875
11.111001309295231,19.68447803896492,316.85951470000515,16.570863709818607
11.093141585198808,19.383118736791857,307.1766810265681,16.26430006397467
11.0762735092631,19.116085169030924,297.7741654920423,15.979855740105219
11.060441843397864,18.885262805196184,288.7087168257005,15.720886910909172
11.045685868706286,18.69232286906415,280.0349576577178,15.490531540945282
11.032039272002429,18.53870724313301,271.8050508216749,15.291680894595824
11.019530058665211,18.42561475684212,264.06838071626873,15.126953058871704
11.008180492096447,18.353988976368612,256.8712516741794,14.998668721386377
10.998007059930496,18.32450760467308,250.25660518200507,14.90882942505876
10.989020467022563,18.33757359042403,244.2637576799435,14.85909850030129
10.981225655122401,18.393308033549438,238.9281605439955,14.85078485279261
10.974621849020334,18.491544963521818,234.28118371788008,14.8848297606143
10.969202628833933,18.631828054139472,230.3499243171796,14.961796808758333
10.964956027986794,18.81340932561613,227.15704137557853,15.081865062013685
10.961864656316086,19.035249871309517,224.72061774317774,15.24482554924629
10.959905847633493,19.296022632499334,223.05404998086422,15.450081103347328
10.959051830955438,19.594117230364354,222.16596692351908,15.696649571888655
10.95926992451317,19.927646849802947,222.0601774095639,15.983170384050592
10.960522751552453,20.294457155087013,222.73564749600337,16.307914429936798
10.962768476836056,20.69213720265328,224.18650729784486,16.66879717922481
10.965961062670898,21.11803230170629,226.40208740964488,17.06339493747767
10.970050543195825,21.56925875885663,229.3669846860572,17.48896411061803
10.974983315585579,22.04272042883289,233.0611569787631,17.942463321289786
10.98070244675284,22.5351269795152,237.46004625011253,18.42057819534558
10.9871479940624,23.043013766220607,242.53472931032263,18.919748612726764
10.994257338510941,23.562763197447858,248.25209525618334,19.43619819476912
11.001965528772216,24.09062746224539,254.57504852597916,19.96596577966691
11.010205634460817,24.62275247810552,261.46273632871345,20.504938619652183
11.018909106929083,25.155202907893447,268.8707990567297,21.048887017556623
11.028006145880129,25.68398808487976,276.7516421502747,21.593500106969945
11.037426070056682,26.205088676538086,285.05472775145853,22.134422469316256
11.047097690249842,26.714483910467422,293.7268843640254,22.66729127294202
11.056949682864053,27.20817917966266,302.7126326253223,23.187773613822518
11.066910962275221,27.68223383945695,311.954525198353,23.691603734810467
11.076911050227014,28.132789004823234,321.3934987054547,24.174619800492632
11.086880440526814,28.556095154414713,330.969235551601,24.632799907701163
11.096750957326957,28.948539346758796,340.6205334248022,25.06229701752228
11.106456105308713,29.306671854423648,350.2856802142448,25.45947250321254
11.115931410126146,29.6272320237684,359.9028320536275,25.820928019701263
11.125114747513827,29.907173171060897,369.4103921781498,26.143535414239516
11.133946659516617,30.14368633030019,378.7473882785616,26.42446441412294
11.142370656360994,30.334222673996564,387.85384604499194,26.661207846142652
11.150333502555059,30.476514435405306,396.6711566165065,26.851604163333466
11.157785485878826,30.56859416925785,405.14243568969414,26.993857077517706
11.164680668006627,30.608812197821774,413.21287209055544,27.086552120887706
11.170977115589455,30.595852100109187,420.8300636784398,27.128669986212568
11.176637110716513,30.528744114161487,427.9443385282223,27.119596522969218
11.181627339771325,30.406876335502332,434.50905942698193,27.0591292955408
11.185919059798623,30.230003608982305,440.4809098234234,26.9474806393443
11.189488241602854,29.9982540262492,445.82015948176627,26.78527718108512
11.19231568890741,29.712132956865517,450.4909082158624,26.573555820021774
11.194387133015107,29.372524557563057,454.46130621339825,26.313756197888846
11.195693302524228,28.980690721150363,457.703749603135,26.007709715701278
11.19622996777043,28.53826744406891,460.19505006955166,25.657625185777224
11.195997959782298,28.0472586093978,461.9165774779199,25.26607123670453
11.195003163656752,27.510027200120255,462.8543746378794,24.835955617377184
11.193256486379468,26.92928397554822,462.9992435039267,24.370501573392836
11.190773799234345,26.308073661842297,462.34680228588286,23.873221494788332
11.187575855064276,25.64975872541842,460.8975131202564,23.347888058068186
11.183688180762667,24.95800081558287,458.65668013342406,22.798503107543265
11.179140945490527,24.236739979840628,455.6344179085664,22.229264540938075
